onset	duration	trial_type	value	sample
4.11	n/a	NonTarget	1	411
4.32	n/a	NonTarget	1	432
4.52	n/a	Target	2	452
4.72	n/a	NonTarget	1	472
4.92	n/a	NonTarget	1	492
5.12	n/a	NonTarget	1	512
5.32	n/a	NonTarget	1	532
5.52	n/a	NonTarget	1	552
5.72	n/a	NonTarget	1	572
5.92	n/a	Target	2	592
6.12	n/a	NonTarget	1	612
6.32	n/a	NonTarget	1	632
6.52	n/a	NonTarget	1	652
6.72	n/a	NonTarget	1	672
6.92	n/a	NonTarget	1	692
7.12	n/a	NonTarget	1	712
7.32	n/a	NonTarget	1	732
7.52	n/a	Target	2	752
7.72	n/a	NonTarget	1	772
7.92	n/a	NonTarget	1	792
8.12	n/a	Target	2	812
8.32	n/a	NonTarget	1	832
8.52	n/a	NonTarget	1	852
8.72	n/a	NonTarget	1	872
8.92	n/a	NonTarget	1	892
9.12	n/a	NonTarget	1	912
9.31	n/a	Target	2	931
9.51	n/a	NonTarget	1	951
9.71	n/a	NonTarget	1	971
9.91	n/a	NonTarget	1	991
10.11	n/a	Target	2	1011
10.31	n/a	NonTarget	1	1031
10.51	n/a	NonTarget	1	1051
10.71	n/a	NonTarget	1	1071
10.91	n/a	NonTarget	1	1091
11.11	n/a	NonTarget	1	1111
11.31	n/a	NonTarget	1	1131
11.51	n/a	Target	2	1151
11.71	n/a	NonTarget	1	1171
11.91	n/a	NonTarget	1	1191
12.11	n/a	NonTarget	1	1211
12.31	n/a	NonTarget	1	1231
12.51	n/a	NonTarget	1	1251
12.71	n/a	NonTarget	1	1271
12.91	n/a	Target	2	1291
13.11	n/a	NonTarget	1	1311
13.31	n/a	NonTarget	1	1331
13.51	n/a	NonTarget	1	1351
13.71	n/a	Target	2	1371
13.91	n/a	NonTarget	1	1391
14.11	n/a	NonTarget	1	1411
14.31	n/a	NonTarget	1	1431
14.51	n/a	NonTarget	1	1451
14.71	n/a	NonTarget	1	1471
14.91	n/a	NonTarget	1	1491
15.11	n/a	NonTarget	1	1511
15.31	n/a	NonTarget	1	1531
15.51	n/a	Target	2	1551
15.71	n/a	NonTarget	1	1571
15.91	n/a	NonTarget	1	1591
20.36	n/a	NonTarget	1	2036
20.58	n/a	NonTarget	1	2058
20.78	n/a	Target	2	2078
20.98	n/a	NonTarget	1	2098
21.18	n/a	NonTarget	1	2118
21.39	n/a	NonTarget	1	2139
21.59	n/a	NonTarget	1	2159
21.79	n/a	Target	2	2179
21.99	n/a	NonTarget	1	2199
22.19	n/a	NonTarget	1	2219
22.39	n/a	NonTarget	1	2239
22.59	n/a	NonTarget	1	2259
22.79	n/a	NonTarget	1	2279
22.99	n/a	NonTarget	1	2299
23.19	n/a	NonTarget	1	2319
23.39	n/a	NonTarget	1	2339
23.59	n/a	NonTarget	1	2359
23.79	n/a	Target	2	2379
23.99	n/a	NonTarget	1	2399
24.19	n/a	NonTarget	1	2419
24.39	n/a	NonTarget	1	2439
24.59	n/a	NonTarget	1	2459
24.79	n/a	Target	2	2479
24.99	n/a	NonTarget	1	2499
25.19	n/a	NonTarget	1	2519
25.39	n/a	NonTarget	1	2539
25.59	n/a	NonTarget	1	2559
25.79	n/a	NonTarget	1	2579
25.99	n/a	Target	2	2599
26.19	n/a	NonTarget	1	2619
26.39	n/a	NonTarget	1	2639
26.59	n/a	Target	2	2659
26.79	n/a	NonTarget	1	2679
26.99	n/a	NonTarget	1	2699
27.19	n/a	NonTarget	1	2719
27.39	n/a	NonTarget	1	2739
27.59	n/a	NonTarget	1	2759
27.79	n/a	NonTarget	1	2779
27.99	n/a	NonTarget	1	2799
28.19	n/a	NonTarget	1	2819
28.39	n/a	Target	2	2839
28.59	n/a	NonTarget	1	2859
28.79	n/a	NonTarget	1	2879
28.99	n/a	NonTarget	1	2899
29.19	n/a	NonTarget	1	2919
29.39	n/a	NonTarget	1	2939
29.59	n/a	NonTarget	1	2959
29.79	n/a	Target	2	2979
29.99	n/a	NonTarget	1	2999
30.19	n/a	NonTarget	1	3019
30.39	n/a	NonTarget	1	3039
30.59	n/a	Target	2	3059
30.79	n/a	NonTarget	1	3079
30.99	n/a	NonTarget	1	3099
31.19	n/a	Target	2	3119
31.39	n/a	NonTarget	1	3139
31.59	n/a	NonTarget	1	3159
31.79	n/a	NonTarget	1	3179
31.99	n/a	NonTarget	1	3199
32.19	n/a	NonTarget	1	3219
40.01	n/a	NonTarget	1	4001
40.22	n/a	NonTarget	1	4022
40.42	n/a	NonTarget	1	4042
40.62	n/a	NonTarget	1	4062
40.82	n/a	NonTarget	1	4082
41.02	n/a	Target	2	4102
41.22	n/a	NonTarget	1	4122
41.42	n/a	NonTarget	1	4142
41.62	n/a	NonTarget	1	4162
41.82	n/a	Target	2	4182
42.02	n/a	NonTarget	1	4202
42.22	n/a	NonTarget	1	4222
42.42	n/a	NonTarget	1	4242
42.62	n/a	Target	2	4262
42.82	n/a	NonTarget	1	4282
43.02	n/a	NonTarget	1	4302
43.22	n/a	NonTarget	1	4322
43.42	n/a	NonTarget	1	4342
43.62	n/a	NonTarget	1	4362
43.82	n/a	NonTarget	1	4382
44.02	n/a	NonTarget	1	4402
44.22	n/a	NonTarget	1	4422
44.42	n/a	Target	2	4442
44.62	n/a	NonTarget	1	4462
44.82	n/a	NonTarget	1	4482
45.02	n/a	NonTarget	1	4502
45.22	n/a	NonTarget	1	4522
45.42	n/a	NonTarget	1	4542
45.62	n/a	Target	2	4562
45.82	n/a	NonTarget	1	4582
46.02	n/a	NonTarget	1	4602
46.22	n/a	NonTarget	1	4622
46.42	n/a	NonTarget	1	4642
46.62	n/a	Target	2	4662
46.82	n/a	NonTarget	1	4682
47.02	n/a	NonTarget	1	4702
47.22	n/a	NonTarget	1	4722
47.42	n/a	NonTarget	1	4742
47.62	n/a	NonTarget	1	4762
47.82	n/a	Target	2	4782
48.02	n/a	NonTarget	1	4802
48.22	n/a	NonTarget	1	4822
48.42	n/a	Target	2	4842
48.62	n/a	NonTarget	1	4862
48.82	n/a	NonTarget	1	4882
49.02	n/a	NonTarget	1	4902
49.22	n/a	NonTarget	1	4922
49.42	n/a	NonTarget	1	4942
49.62	n/a	NonTarget	1	4962
49.81	n/a	NonTarget	1	4981
50.01	n/a	NonTarget	1	5001
50.21	n/a	Target	2	5021
50.41	n/a	NonTarget	1	5041
50.61	n/a	NonTarget	1	5061
50.81	n/a	NonTarget	1	5081
51.01	n/a	Target	2	5101
51.21	n/a	NonTarget	1	5121
51.41	n/a	NonTarget	1	5141
51.61	n/a	NonTarget	1	5161
51.81	n/a	NonTarget	1	5181
56.26	n/a	NonTarget	1	5626
56.48	n/a	NonTarget	1	5648
56.68	n/a	Target	2	5668
56.88	n/a	NonTarget	1	5688
57.08	n/a	NonTarget	1	5708
57.28	n/a	NonTarget	1	5728
57.48	n/a	Target	2	5748
57.68	n/a	NonTarget	1	5768
57.88	n/a	NonTarget	1	5788
58.08	n/a	NonTarget	1	5808
58.28	n/a	NonTarget	1	5828
58.48	n/a	NonTarget	1	5848
58.68	n/a	Target	2	5868
58.88	n/a	NonTarget	1	5888
59.08	n/a	NonTarget	1	5908
59.28	n/a	NonTarget	1	5928
59.48	n/a	NonTarget	1	5948
59.68	n/a	NonTarget	1	5968
59.88	n/a	NonTarget	1	5988
60.08	n/a	NonTarget	1	6008
60.28	n/a	NonTarget	1	6028
60.48	n/a	NonTarget	1	6048
60.68	n/a	Target	2	6068
60.88	n/a	NonTarget	1	6088
61.08	n/a	NonTarget	1	6108
61.28	n/a	NonTarget	1	6128
61.48	n/a	NonTarget	1	6148
61.68	n/a	NonTarget	1	6168
61.88	n/a	NonTarget	1	6188
62.08	n/a	Target	2	6208
62.28	n/a	NonTarget	1	6228
62.48	n/a	NonTarget	1	6248
62.68	n/a	NonTarget	1	6268
62.88	n/a	Target	2	6288
63.08	n/a	NonTarget	1	6308
63.28	n/a	NonTarget	1	6328
63.48	n/a	Target	2	6348
63.68	n/a	NonTarget	1	6368
63.88	n/a	NonTarget	1	6388
64.08	n/a	NonTarget	1	6408
64.28	n/a	NonTarget	1	6428
64.48	n/a	NonTarget	1	6448
64.68	n/a	Target	2	6468
64.88	n/a	NonTarget	1	6488
65.08	n/a	NonTarget	1	6508
65.28	n/a	NonTarget	1	6528
65.48	n/a	NonTarget	1	6548
65.68	n/a	NonTarget	1	6568
65.88	n/a	NonTarget	1	6588
66.07	n/a	Target	2	6607
66.27	n/a	NonTarget	1	6627
66.47	n/a	NonTarget	1	6647
66.67	n/a	NonTarget	1	6667
66.87	n/a	NonTarget	1	6687
67.07	n/a	NonTarget	1	6707
67.27	n/a	NonTarget	1	6727
67.47	n/a	NonTarget	1	6747
67.67	n/a	NonTarget	1	6767
67.87	n/a	NonTarget	1	6787
68.07	n/a	Target	2	6807
75.9	n/a	NonTarget	1	7590
76.1	n/a	NonTarget	1	7610
76.3	n/a	Target	2	7630
76.5	n/a	NonTarget	1	7650
76.7	n/a	NonTarget	1	7670
76.9	n/a	NonTarget	1	7690
77.1	n/a	Target	2	7710
77.3	n/a	NonTarget	1	7730
77.5	n/a	NonTarget	1	7750
77.7	n/a	NonTarget	1	7770
77.9	n/a	NonTarget	1	7790
78.1	n/a	NonTarget	1	7810
78.3	n/a	Target	2	7830
78.5	n/a	NonTarget	1	7850
78.7	n/a	NonTarget	1	7870
78.9	n/a	NonTarget	1	7890
79.1	n/a	NonTarget	1	7910
79.3	n/a	NonTarget	1	7930
79.5	n/a	NonTarget	1	7950
79.7	n/a	NonTarget	1	7970
79.9	n/a	NonTarget	1	7990
80.1	n/a	NonTarget	1	8010
80.3	n/a	Target	2	8030
80.5	n/a	NonTarget	1	8050
80.7	n/a	NonTarget	1	8070
80.9	n/a	Target	2	8090
81.1	n/a	NonTarget	1	8110
81.3	n/a	NonTarget	1	8130
81.5	n/a	NonTarget	1	8150
81.7	n/a	NonTarget	1	8170
81.9	n/a	NonTarget	1	8190
82.1	n/a	Target	2	8210
82.3	n/a	NonTarget	1	8230
82.5	n/a	NonTarget	1	8250
82.7	n/a	NonTarget	1	8270
82.9	n/a	NonTarget	1	8290
83.1	n/a	NonTarget	1	8310
83.3	n/a	NonTarget	1	8330
83.5	n/a	NonTarget	1	8350
83.7	n/a	Target	2	8370
83.9	n/a	NonTarget	1	8390
84.1	n/a	NonTarget	1	8410
84.3	n/a	NonTarget	1	8430
84.5	n/a	NonTarget	1	8450
84.7	n/a	Target	2	8470
84.9	n/a	NonTarget	1	8490
85.1	n/a	NonTarget	1	8510
85.3	n/a	NonTarget	1	8530
85.5	n/a	NonTarget	1	8550
85.7	n/a	NonTarget	1	8570
85.9	n/a	NonTarget	1	8590
86.1	n/a	NonTarget	1	8610
86.3	n/a	Target	2	8630
86.5	n/a	NonTarget	1	8650
86.7	n/a	NonTarget	1	8670
86.9	n/a	NonTarget	1	8690
87.1	n/a	NonTarget	1	8710
87.3	n/a	NonTarget	1	8730
87.5	n/a	Target	2	8750
87.7	n/a	NonTarget	1	8770
92.15	n/a	NonTarget	1	9215
92.36	n/a	Target	2	9236
92.56	n/a	NonTarget	1	9256
92.76	n/a	NonTarget	1	9276
92.96	n/a	NonTarget	1	9296
93.16	n/a	NonTarget	1	9316
93.36	n/a	Target	2	9336
93.56	n/a	NonTarget	1	9356
93.76	n/a	NonTarget	1	9376
93.96	n/a	NonTarget	1	9396
94.16	n/a	NonTarget	1	9416
94.36	n/a	NonTarget	1	9436
94.56	n/a	Target	2	9456
94.76	n/a	NonTarget	1	9476
94.96	n/a	NonTarget	1	9496
95.16	n/a	NonTarget	1	9516
95.36	n/a	NonTarget	1	9536
95.56	n/a	NonTarget	1	9556
95.76	n/a	NonTarget	1	9576
95.96	n/a	NonTarget	1	9596
96.16	n/a	NonTarget	1	9616
96.36	n/a	NonTarget	1	9636
96.56	n/a	NonTarget	1	9656
96.76	n/a	Target	2	9676
96.96	n/a	NonTarget	1	9696
97.16	n/a	NonTarget	1	9716
97.36	n/a	NonTarget	1	9736
97.56	n/a	NonTarget	1	9756
97.76	n/a	Target	2	9776
97.96	n/a	NonTarget	1	9796
98.16	n/a	NonTarget	1	9816
98.36	n/a	Target	2	9836
98.56	n/a	NonTarget	1	9856
98.76	n/a	NonTarget	1	9876
98.96	n/a	NonTarget	1	9896
99.16	n/a	NonTarget	1	9916
99.36	n/a	NonTarget	1	9936
99.56	n/a	NonTarget	1	9956
99.76	n/a	NonTarget	1	9976
99.96	n/a	NonTarget	1	9996
100.16	n/a	Target	2	10016
100.36	n/a	NonTarget	1	10036
100.56	n/a	NonTarget	1	10056
100.76	n/a	NonTarget	1	10076
100.96	n/a	NonTarget	1	10096
101.16	n/a	NonTarget	1	10116
101.36	n/a	NonTarget	1	10136
101.56	n/a	Target	2	10156
101.76	n/a	NonTarget	1	10176
101.96	n/a	NonTarget	1	10196
102.16	n/a	NonTarget	1	10216
102.36	n/a	Target	2	10236
102.56	n/a	NonTarget	1	10256
102.76	n/a	NonTarget	1	10276
102.96	n/a	NonTarget	1	10296
103.16	n/a	NonTarget	1	10316
103.36	n/a	NonTarget	1	10336
103.56	n/a	NonTarget	1	10356
103.76	n/a	NonTarget	1	10376
103.96	n/a	Target	2	10396
111.78	n/a	NonTarget	1	11178
111.99	n/a	NonTarget	1	11199
112.19	n/a	NonTarget	1	11219
112.39	n/a	NonTarget	1	11239
112.59	n/a	Target	2	11259
112.79	n/a	NonTarget	1	11279
112.99	n/a	NonTarget	1	11299
113.19	n/a	NonTarget	1	11319
113.39	n/a	NonTarget	1	11339
113.59	n/a	NonTarget	1	11359
113.79	n/a	NonTarget	1	11379
113.99	n/a	Target	2	11399
114.19	n/a	NonTarget	1	11419
114.39	n/a	NonTarget	1	11439
114.59	n/a	Target	2	11459
114.79	n/a	NonTarget	1	11479
114.99	n/a	NonTarget	1	11499
115.19	n/a	NonTarget	1	11519
115.39	n/a	NonTarget	1	11539
115.59	n/a	NonTarget	1	11559
115.79	n/a	NonTarget	1	11579
115.99	n/a	NonTarget	1	11599
116.19	n/a	NonTarget	1	11619
116.39	n/a	Target	2	11639
116.59	n/a	NonTarget	1	11659
116.79	n/a	NonTarget	1	11679
116.99	n/a	NonTarget	1	11699
117.19	n/a	NonTarget	1	11719
117.39	n/a	NonTarget	1	11739
117.59	n/a	Target	2	11759
117.79	n/a	NonTarget	1	11779
117.99	n/a	NonTarget	1	11799
118.19	n/a	NonTarget	1	11819
118.39	n/a	Target	2	11839
118.59	n/a	NonTarget	1	11859
118.79	n/a	NonTarget	1	11879
118.99	n/a	Target	2	11899
119.19	n/a	NonTarget	1	11919
119.39	n/a	NonTarget	1	11939
119.59	n/a	NonTarget	1	11959
119.79	n/a	NonTarget	1	11979
119.99	n/a	NonTarget	1	11999
120.19	n/a	NonTarget	1	12019
120.39	n/a	NonTarget	1	12039
120.59	n/a	NonTarget	1	12059
120.79	n/a	Target	2	12079
120.99	n/a	NonTarget	1	12099
121.19	n/a	NonTarget	1	12119
121.39	n/a	Target	2	12139
121.59	n/a	NonTarget	1	12159
121.79	n/a	NonTarget	1	12179
121.99	n/a	NonTarget	1	12199
122.18	n/a	NonTarget	1	12218
122.38	n/a	NonTarget	1	12238
122.58	n/a	Target	2	12258
122.78	n/a	NonTarget	1	12278
122.98	n/a	NonTarget	1	12298
123.18	n/a	NonTarget	1	12318
123.38	n/a	NonTarget	1	12338
123.58	n/a	NonTarget	1	12358
128.03	n/a	NonTarget	1	12803
128.25	n/a	NonTarget	1	12825
128.45	n/a	NonTarget	1	12845
128.65	n/a	NonTarget	1	12865
128.85	n/a	Target	2	12885
129.05	n/a	NonTarget	1	12905
129.25	n/a	NonTarget	1	12925
129.45	n/a	NonTarget	1	12945
129.65	n/a	NonTarget	1	12965
129.85	n/a	NonTarget	1	12985
130.05	n/a	Target	2	13005
130.25	n/a	NonTarget	1	13025
130.45	n/a	NonTarget	1	13045
130.65	n/a	NonTarget	1	13065
130.85	n/a	NonTarget	1	13085
131.05	n/a	NonTarget	1	13105
131.25	n/a	Target	2	13125
131.45	n/a	NonTarget	1	13145
131.65	n/a	NonTarget	1	13165
131.85	n/a	NonTarget	1	13185
132.05	n/a	NonTarget	1	13205
132.25	n/a	Target	2	13225
132.45	n/a	NonTarget	1	13245
132.65	n/a	NonTarget	1	13265
132.85	n/a	NonTarget	1	13285
133.05	n/a	NonTarget	1	13305
133.25	n/a	NonTarget	1	13325
133.45	n/a	Target	2	13345
133.65	n/a	NonTarget	1	13365
133.85	n/a	NonTarget	1	13385
134.05	n/a	NonTarget	1	13405
134.25	n/a	Target	2	13425
134.45	n/a	NonTarget	1	13445
134.65	n/a	NonTarget	1	13465
134.85	n/a	NonTarget	1	13485
135.05	n/a	NonTarget	1	13505
135.25	n/a	NonTarget	1	13525
135.45	n/a	NonTarget	1	13545
135.65	n/a	NonTarget	1	13565
135.85	n/a	NonTarget	1	13585
136.05	n/a	Target	2	13605
136.25	n/a	NonTarget	1	13625
136.45	n/a	NonTarget	1	13645
136.65	n/a	Target	2	13665
136.85	n/a	NonTarget	1	13685
137.05	n/a	NonTarget	1	13705
137.25	n/a	NonTarget	1	13725
137.45	n/a	NonTarget	1	13745
137.65	n/a	Target	2	13765
137.85	n/a	NonTarget	1	13785
138.05	n/a	NonTarget	1	13805
138.25	n/a	NonTarget	1	13825
138.44	n/a	NonTarget	1	13844
138.64	n/a	NonTarget	1	13864
138.84	n/a	NonTarget	1	13884
139.04	n/a	NonTarget	1	13904
139.24	n/a	Target	2	13924
139.44	n/a	NonTarget	1	13944
139.64	n/a	NonTarget	1	13964
139.84	n/a	NonTarget	1	13984
147.66	n/a	NonTarget	1	14766
147.87	n/a	NonTarget	1	14787
148.07	n/a	NonTarget	1	14807
148.27	n/a	NonTarget	1	14827
148.47	n/a	NonTarget	1	14847
148.67	n/a	Target	2	14867
148.87	n/a	NonTarget	1	14887
149.07	n/a	NonTarget	1	14907
149.27	n/a	NonTarget	1	14927
149.47	n/a	NonTarget	1	14947
149.67	n/a	Target	2	14967
149.87	n/a	NonTarget	1	14987
150.07	n/a	NonTarget	1	15007
150.27	n/a	Target	2	15027
150.47	n/a	NonTarget	1	15047
150.67	n/a	NonTarget	1	15067
150.87	n/a	NonTarget	1	15087
151.07	n/a	NonTarget	1	15107
151.27	n/a	NonTarget	1	15127
151.47	n/a	NonTarget	1	15147
151.67	n/a	Target	2	15167
151.87	n/a	NonTarget	1	15187
152.07	n/a	NonTarget	1	15207
152.27	n/a	NonTarget	1	15227
152.47	n/a	NonTarget	1	15247
152.67	n/a	NonTarget	1	15267
152.87	n/a	Target	2	15287
153.07	n/a	NonTarget	1	15307
153.27	n/a	NonTarget	1	15327
153.47	n/a	NonTarget	1	15347
153.67	n/a	NonTarget	1	15367
153.87	n/a	NonTarget	1	15387
154.07	n/a	NonTarget	1	15407
154.27	n/a	Target	2	15427
154.47	n/a	NonTarget	1	15447
154.67	n/a	NonTarget	1	15467
154.87	n/a	NonTarget	1	15487
155.07	n/a	NonTarget	1	15507
155.27	n/a	Target	2	15527
155.47	n/a	NonTarget	1	15547
155.67	n/a	NonTarget	1	15567
155.87	n/a	NonTarget	1	15587
156.07	n/a	NonTarget	1	15607
156.27	n/a	NonTarget	1	15627
156.47	n/a	Target	2	15647
156.67	n/a	NonTarget	1	15667
156.87	n/a	NonTarget	1	15687
157.07	n/a	NonTarget	1	15707
157.27	n/a	NonTarget	1	15727
157.47	n/a	NonTarget	1	15747
157.67	n/a	NonTarget	1	15767
157.87	n/a	NonTarget	1	15787
158.07	n/a	Target	2	15807
158.27	n/a	NonTarget	1	15827
158.47	n/a	NonTarget	1	15847
158.67	n/a	NonTarget	1	15867
158.87	n/a	NonTarget	1	15887
159.07	n/a	Target	2	15907
159.27	n/a	NonTarget	1	15927
159.47	n/a	NonTarget	1	15947
163.92	n/a	NonTarget	1	16392
164.13	n/a	Target	2	16413
164.33	n/a	NonTarget	1	16433
164.53	n/a	NonTarget	1	16453
164.73	n/a	NonTarget	1	16473
164.93	n/a	NonTarget	1	16493
165.13	n/a	NonTarget	1	16513
165.33	n/a	NonTarget	1	16533
165.53	n/a	NonTarget	1	16553
165.73	n/a	Target	2	16573
165.93	n/a	NonTarget	1	16593
166.13	n/a	NonTarget	1	16613
166.33	n/a	Target	2	16633
166.53	n/a	NonTarget	1	16653
166.73	n/a	NonTarget	1	16673
166.93	n/a	NonTarget	1	16693
167.13	n/a	NonTarget	1	16713
167.33	n/a	NonTarget	1	16733
167.53	n/a	Target	2	16753
167.73	n/a	NonTarget	1	16773
167.93	n/a	NonTarget	1	16793
168.13	n/a	NonTarget	1	16813
168.33	n/a	NonTarget	1	16833
168.53	n/a	NonTarget	1	16853
168.73	n/a	NonTarget	1	16873
168.93	n/a	Target	2	16893
169.13	n/a	NonTarget	1	16913
169.33	n/a	NonTarget	1	16933
169.53	n/a	NonTarget	1	16953
169.73	n/a	NonTarget	1	16973
169.93	n/a	Target	2	16993
170.13	n/a	NonTarget	1	17013
170.33	n/a	NonTarget	1	17033
170.53	n/a	NonTarget	1	17053
170.73	n/a	NonTarget	1	17073
170.93	n/a	NonTarget	1	17093
171.13	n/a	Target	2	17113
171.33	n/a	NonTarget	1	17133
171.53	n/a	NonTarget	1	17153
171.73	n/a	NonTarget	1	17173
171.93	n/a	NonTarget	1	17193
172.13	n/a	NonTarget	1	17213
172.33	n/a	Target	2	17233
172.53	n/a	NonTarget	1	17253
172.73	n/a	NonTarget	1	17273
172.93	n/a	NonTarget	1	17293
173.13	n/a	NonTarget	1	17313
173.33	n/a	NonTarget	1	17333
173.53	n/a	NonTarget	1	17353
173.73	n/a	NonTarget	1	17373
173.93	n/a	NonTarget	1	17393
174.13	n/a	NonTarget	1	17413
174.33	n/a	Target	2	17433
174.53	n/a	NonTarget	1	17453
174.73	n/a	NonTarget	1	17473
174.93	n/a	Target	2	17493
175.13	n/a	NonTarget	1	17513
175.33	n/a	NonTarget	1	17533
175.53	n/a	NonTarget	1	17553
175.73	n/a	NonTarget	1	17573
183.55	n/a	NonTarget	1	18355
183.76	n/a	NonTarget	1	18376
183.96	n/a	Target	2	18396
184.16	n/a	NonTarget	1	18416
184.36	n/a	NonTarget	1	18436
184.56	n/a	NonTarget	1	18456
184.76	n/a	Target	2	18476
184.96	n/a	NonTarget	1	18496
185.16	n/a	NonTarget	1	18516
185.36	n/a	NonTarget	1	18536
185.56	n/a	NonTarget	1	18556
185.76	n/a	NonTarget	1	18576
185.96	n/a	NonTarget	1	18596
186.16	n/a	NonTarget	1	18616
186.36	n/a	NonTarget	1	18636
186.56	n/a	NonTarget	1	18656
186.76	n/a	Target	2	18676
186.96	n/a	NonTarget	1	18696
187.16	n/a	NonTarget	1	18716
187.36	n/a	NonTarget	1	18736
187.56	n/a	NonTarget	1	18756
187.76	n/a	NonTarget	1	18776
187.96	n/a	NonTarget	1	18796
188.16	n/a	Target	2	18816
188.36	n/a	NonTarget	1	18836
188.56	n/a	NonTarget	1	18856
188.76	n/a	NonTarget	1	18876
188.96	n/a	Target	2	18896
189.16	n/a	NonTarget	1	18916
189.36	n/a	NonTarget	1	18936
189.56	n/a	NonTarget	1	18956
189.76	n/a	NonTarget	1	18976
189.96	n/a	NonTarget	1	18996
190.16	n/a	NonTarget	1	19016
190.36	n/a	NonTarget	1	19036
190.56	n/a	Target	2	19056
190.76	n/a	NonTarget	1	19076
190.96	n/a	NonTarget	1	19096
191.16	n/a	NonTarget	1	19116
191.36	n/a	Target	2	19136
191.56	n/a	NonTarget	1	19156
191.76	n/a	NonTarget	1	19176
191.96	n/a	NonTarget	1	19196
192.16	n/a	Target	2	19216
192.36	n/a	NonTarget	1	19236
192.56	n/a	NonTarget	1	19256
192.76	n/a	NonTarget	1	19276
192.96	n/a	NonTarget	1	19296
193.16	n/a	Target	2	19316
193.36	n/a	NonTarget	1	19336
193.56	n/a	NonTarget	1	19356
193.76	n/a	NonTarget	1	19376
193.96	n/a	NonTarget	1	19396
194.16	n/a	NonTarget	1	19416
194.36	n/a	NonTarget	1	19436
194.56	n/a	NonTarget	1	19456
194.75	n/a	NonTarget	1	19475
194.95	n/a	NonTarget	1	19495
195.15	n/a	NonTarget	1	19515
195.35	n/a	Target	2	19535
199.8	n/a	NonTarget	1	19980
200.02	n/a	NonTarget	1	20002
200.22	n/a	NonTarget	1	20022
200.42	n/a	NonTarget	1	20042
200.62	n/a	Target	2	20062
200.82	n/a	NonTarget	1	20082
201.02	n/a	NonTarget	1	20102
201.22	n/a	NonTarget	1	20122
201.42	n/a	Target	2	20142
201.62	n/a	NonTarget	1	20162
201.82	n/a	NonTarget	1	20182
202.02	n/a	NonTarget	1	20202
202.22	n/a	NonTarget	1	20222
202.42	n/a	NonTarget	1	20242
202.62	n/a	NonTarget	1	20262
202.82	n/a	NonTarget	1	20282
203.02	n/a	Target	2	20302
203.22	n/a	NonTarget	1	20322
203.42	n/a	NonTarget	1	20342
203.62	n/a	NonTarget	1	20362
203.82	n/a	Target	2	20382
204.02	n/a	NonTarget	1	20402
204.22	n/a	NonTarget	1	20422
204.42	n/a	NonTarget	1	20442
204.62	n/a	NonTarget	1	20462
204.82	n/a	NonTarget	1	20482
205.02	n/a	NonTarget	1	20502
205.22	n/a	Target	2	20522
205.42	n/a	NonTarget	1	20542
205.62	n/a	NonTarget	1	20562
205.82	n/a	NonTarget	1	20582
206.02	n/a	NonTarget	1	20602
206.22	n/a	Target	2	20622
206.42	n/a	NonTarget	1	20642
206.62	n/a	NonTarget	1	20662
206.82	n/a	NonTarget	1	20682
207.02	n/a	NonTarget	1	20702
207.22	n/a	NonTarget	1	20722
207.42	n/a	Target	2	20742
207.62	n/a	NonTarget	1	20762
207.82	n/a	NonTarget	1	20782
208.02	n/a	NonTarget	1	20802
208.22	n/a	NonTarget	1	20822
208.42	n/a	Target	2	20842
208.62	n/a	NonTarget	1	20862
208.82	n/a	NonTarget	1	20882
209.02	n/a	NonTarget	1	20902
209.22	n/a	NonTarget	1	20922
209.42	n/a	Target	2	20942
209.62	n/a	NonTarget	1	20962
209.82	n/a	NonTarget	1	20982
210.02	n/a	NonTarget	1	21002
210.22	n/a	NonTarget	1	21022
210.42	n/a	NonTarget	1	21042
210.62	n/a	Target	2	21062
210.82	n/a	NonTarget	1	21082
211.01	n/a	NonTarget	1	21101
211.21	n/a	NonTarget	1	21121
211.41	n/a	NonTarget	1	21141
211.61	n/a	NonTarget	1	21161
219.43	n/a	NonTarget	1	21943
219.64	n/a	NonTarget	1	21964
219.84	n/a	NonTarget	1	21984
220.04	n/a	Target	2	22004
220.24	n/a	NonTarget	1	22024
220.44	n/a	NonTarget	1	22044
220.64	n/a	NonTarget	1	22064
220.84	n/a	NonTarget	1	22084
221.04	n/a	Target	2	22104
221.24	n/a	NonTarget	1	22124
221.44	n/a	NonTarget	1	22144
221.64	n/a	NonTarget	1	22164
221.84	n/a	NonTarget	1	22184
222.04	n/a	NonTarget	1	22204
222.24	n/a	NonTarget	1	22224
222.44	n/a	Target	2	22244
222.64	n/a	NonTarget	1	22264
222.84	n/a	NonTarget	1	22284
223.04	n/a	Target	2	22304
223.24	n/a	NonTarget	1	22324
223.44	n/a	NonTarget	1	22344
223.64	n/a	NonTarget	1	22364
223.84	n/a	NonTarget	1	22384
224.04	n/a	NonTarget	1	22404
224.24	n/a	NonTarget	1	22424
224.44	n/a	Target	2	22444
224.64	n/a	NonTarget	1	22464
224.84	n/a	NonTarget	1	22484
225.04	n/a	NonTarget	1	22504
225.24	n/a	NonTarget	1	22524
225.44	n/a	NonTarget	1	22544
225.64	n/a	NonTarget	1	22564
225.84	n/a	NonTarget	1	22584
226.04	n/a	NonTarget	1	22604
226.24	n/a	Target	2	22624
226.44	n/a	NonTarget	1	22644
226.64	n/a	NonTarget	1	22664
226.84	n/a	NonTarget	1	22684
227.04	n/a	NonTarget	1	22704
227.24	n/a	NonTarget	1	22724
227.44	n/a	Target	2	22744
227.64	n/a	NonTarget	1	22764
227.84	n/a	NonTarget	1	22784
228.04	n/a	Target	2	22804
228.24	n/a	NonTarget	1	22824
228.44	n/a	NonTarget	1	22844
228.64	n/a	NonTarget	1	22864
228.84	n/a	NonTarget	1	22884
229.04	n/a	NonTarget	1	22904
229.24	n/a	Target	2	22924
229.44	n/a	NonTarget	1	22944
229.64	n/a	NonTarget	1	22964
229.84	n/a	NonTarget	1	22984
230.04	n/a	NonTarget	1	23004
230.24	n/a	Target	2	23024
230.44	n/a	NonTarget	1	23044
230.64	n/a	NonTarget	1	23064
230.84	n/a	NonTarget	1	23084
231.04	n/a	NonTarget	1	23104
231.24	n/a	NonTarget	1	23124
235.69	n/a	NonTarget	1	23569
235.9	n/a	NonTarget	1	23590
236.1	n/a	NonTarget	1	23610
236.3	n/a	NonTarget	1	23630
236.5	n/a	NonTarget	1	23650
236.7	n/a	Target	2	23670
236.9	n/a	NonTarget	1	23690
237.1	n/a	NonTarget	1	23710
237.3	n/a	Target	2	23730
237.5	n/a	NonTarget	1	23750
237.7	n/a	NonTarget	1	23770
237.9	n/a	NonTarget	1	23790
238.1	n/a	NonTarget	1	23810
238.3	n/a	NonTarget	1	23830
238.5	n/a	NonTarget	1	23850
238.7	n/a	NonTarget	1	23870
238.9	n/a	Target	2	23890
239.1	n/a	NonTarget	1	23910
239.3	n/a	NonTarget	1	23930
239.5	n/a	NonTarget	1	23950
239.7	n/a	NonTarget	1	23970
239.9	n/a	NonTarget	1	23990
240.1	n/a	NonTarget	1	24010
240.3	n/a	Target	2	24030
240.5	n/a	NonTarget	1	24050
240.7	n/a	NonTarget	1	24070
240.9	n/a	NonTarget	1	24090
241.1	n/a	Target	2	24110
241.3	n/a	NonTarget	1	24130
241.5	n/a	NonTarget	1	24150
241.7	n/a	NonTarget	1	24170
241.9	n/a	Target	2	24190
242.1	n/a	NonTarget	1	24210
242.3	n/a	NonTarget	1	24230
242.5	n/a	NonTarget	1	24250
242.7	n/a	NonTarget	1	24270
242.9	n/a	NonTarget	1	24290
243.1	n/a	Target	2	24310
243.3	n/a	NonTarget	1	24330
243.5	n/a	NonTarget	1	24350
243.7	n/a	NonTarget	1	24370
243.9	n/a	NonTarget	1	24390
244.1	n/a	NonTarget	1	24410
244.3	n/a	Target	2	24430
244.5	n/a	NonTarget	1	24450
244.7	n/a	NonTarget	1	24470
244.9	n/a	NonTarget	1	24490
245.1	n/a	NonTarget	1	24510
245.3	n/a	NonTarget	1	24530
245.5	n/a	NonTarget	1	24550
245.7	n/a	Target	2	24570
245.9	n/a	NonTarget	1	24590
246.1	n/a	NonTarget	1	24610
246.3	n/a	NonTarget	1	24630
246.5	n/a	NonTarget	1	24650
246.7	n/a	NonTarget	1	24670
246.9	n/a	NonTarget	1	24690
247.1	n/a	NonTarget	1	24710
247.3	n/a	NonTarget	1	24730
247.5	n/a	Target	2	24750
255.32	n/a	NonTarget	1	25532
255.53	n/a	NonTarget	1	25553
255.73	n/a	NonTarget	1	25573
255.93	n/a	NonTarget	1	25593
256.13	n/a	Target	2	25613
256.33	n/a	NonTarget	1	25633
256.53	n/a	NonTarget	1	25653
256.73	n/a	Target	2	25673
256.93	n/a	NonTarget	1	25693
257.13	n/a	NonTarget	1	25713
257.33	n/a	NonTarget	1	25733
257.53	n/a	NonTarget	1	25753
257.73	n/a	NonTarget	1	25773
257.93	n/a	NonTarget	1	25793
258.13	n/a	NonTarget	1	25813
258.33	n/a	Target	2	25833
258.53	n/a	NonTarget	1	25853
258.73	n/a	NonTarget	1	25873
258.93	n/a	Target	2	25893
259.13	n/a	NonTarget	1	25913
259.33	n/a	NonTarget	1	25933
259.53	n/a	NonTarget	1	25953
259.73	n/a	NonTarget	1	25973
259.93	n/a	NonTarget	1	25993
260.13	n/a	NonTarget	1	26013
260.33	n/a	NonTarget	1	26033
260.53	n/a	Target	2	26053
260.73	n/a	NonTarget	1	26073
260.93	n/a	NonTarget	1	26093
261.13	n/a	NonTarget	1	26113
261.33	n/a	Target	2	26133
261.53	n/a	NonTarget	1	26153
261.73	n/a	NonTarget	1	26173
261.93	n/a	NonTarget	1	26193
262.13	n/a	NonTarget	1	26213
262.33	n/a	NonTarget	1	26233
262.53	n/a	Target	2	26253
262.73	n/a	NonTarget	1	26273
262.93	n/a	NonTarget	1	26293
263.13	n/a	NonTarget	1	26313
263.33	n/a	NonTarget	1	26333
263.53	n/a	NonTarget	1	26353
263.73	n/a	NonTarget	1	26373
263.93	n/a	NonTarget	1	26393
264.13	n/a	NonTarget	1	26413
264.33	n/a	NonTarget	1	26433
264.53	n/a	NonTarget	1	26453
264.73	n/a	Target	2	26473
264.93	n/a	NonTarget	1	26493
265.13	n/a	NonTarget	1	26513
265.33	n/a	Target	2	26533
265.53	n/a	NonTarget	1	26553
265.73	n/a	NonTarget	1	26573
265.93	n/a	NonTarget	1	26593
266.13	n/a	Target	2	26613
266.33	n/a	NonTarget	1	26633
266.53	n/a	NonTarget	1	26653
266.73	n/a	NonTarget	1	26673
266.93	n/a	NonTarget	1	26693
267.13	n/a	NonTarget	1	26713
271.57	n/a	Target	2	27157
271.79	n/a	NonTarget	1	27179
271.99	n/a	NonTarget	1	27199
272.19	n/a	NonTarget	1	27219
272.39	n/a	NonTarget	1	27239
272.59	n/a	NonTarget	1	27259
272.79	n/a	NonTarget	1	27279
272.99	n/a	Target	2	27299
273.19	n/a	NonTarget	1	27319
273.39	n/a	NonTarget	1	27339
273.59	n/a	NonTarget	1	27359
273.79	n/a	NonTarget	1	27379
273.99	n/a	NonTarget	1	27399
274.19	n/a	NonTarget	1	27419
274.39	n/a	NonTarget	1	27439
274.59	n/a	NonTarget	1	27459
274.79	n/a	NonTarget	1	27479
274.99	n/a	Target	2	27499
275.19	n/a	NonTarget	1	27519
275.39	n/a	NonTarget	1	27539
275.59	n/a	NonTarget	1	27559
275.79	n/a	NonTarget	1	27579
275.99	n/a	NonTarget	1	27599
276.19	n/a	Target	2	27619
276.39	n/a	NonTarget	1	27639
276.59	n/a	NonTarget	1	27659
276.79	n/a	NonTarget	1	27679
276.99	n/a	NonTarget	1	27699
277.19	n/a	NonTarget	1	27719
277.39	n/a	Target	2	27739
277.59	n/a	NonTarget	1	27759
277.79	n/a	NonTarget	1	27779
277.99	n/a	NonTarget	1	27799
278.19	n/a	NonTarget	1	27819
278.39	n/a	NonTarget	1	27839
278.59	n/a	Target	2	27859
278.79	n/a	NonTarget	1	27879
278.99	n/a	NonTarget	1	27899
279.19	n/a	NonTarget	1	27919
279.39	n/a	NonTarget	1	27939
279.59	n/a	Target	2	27959
279.79	n/a	NonTarget	1	27979
279.99	n/a	NonTarget	1	27999
280.19	n/a	NonTarget	1	28019
280.39	n/a	NonTarget	1	28039
280.59	n/a	Target	2	28059
280.79	n/a	NonTarget	1	28079
280.99	n/a	NonTarget	1	28099
281.19	n/a	NonTarget	1	28119
281.39	n/a	Target	2	28139
281.59	n/a	NonTarget	1	28159
281.79	n/a	NonTarget	1	28179
281.99	n/a	NonTarget	1	28199
282.19	n/a	NonTarget	1	28219
282.39	n/a	Target	2	28239
282.59	n/a	NonTarget	1	28259
282.79	n/a	NonTarget	1	28279
282.99	n/a	NonTarget	1	28299
283.19	n/a	NonTarget	1	28319
283.39	n/a	NonTarget	1	28339
291.21	n/a	NonTarget	1	29121
291.42	n/a	NonTarget	1	29142
291.62	n/a	NonTarget	1	29162
291.81	n/a	NonTarget	1	29181
292.01	n/a	NonTarget	1	29201
292.21	n/a	Target	2	29221
292.41	n/a	NonTarget	1	29241
292.61	n/a	NonTarget	1	29261
292.81	n/a	Target	2	29281
293.01	n/a	NonTarget	1	29301
293.21	n/a	NonTarget	1	29321
293.41	n/a	NonTarget	1	29341
293.61	n/a	Target	2	29361
293.81	n/a	NonTarget	1	29381
294.01	n/a	NonTarget	1	29401
294.21	n/a	NonTarget	1	29421
294.41	n/a	NonTarget	1	29441
294.61	n/a	NonTarget	1	29461
294.81	n/a	Target	2	29481
295.01	n/a	NonTarget	1	29501
295.21	n/a	NonTarget	1	29521
295.41	n/a	NonTarget	1	29541
295.61	n/a	NonTarget	1	29561
295.81	n/a	NonTarget	1	29581
296.01	n/a	NonTarget	1	29601
296.21	n/a	NonTarget	1	29621
296.41	n/a	Target	2	29641
296.61	n/a	NonTarget	1	29661
296.81	n/a	NonTarget	1	29681
297.01	n/a	NonTarget	1	29701
297.21	n/a	NonTarget	1	29721
297.41	n/a	NonTarget	1	29741
297.61	n/a	NonTarget	1	29761
297.81	n/a	Target	2	29781
298.01	n/a	NonTarget	1	29801
298.21	n/a	NonTarget	1	29821
298.41	n/a	NonTarget	1	29841
298.61	n/a	NonTarget	1	29861
298.81	n/a	NonTarget	1	29881
299.01	n/a	NonTarget	1	29901
299.21	n/a	Target	2	29921
299.41	n/a	NonTarget	1	29941
299.61	n/a	NonTarget	1	29961
299.81	n/a	NonTarget	1	29981
300.01	n/a	NonTarget	1	30001
300.21	n/a	NonTarget	1	30021
300.41	n/a	NonTarget	1	30041
300.61	n/a	Target	2	30061
300.81	n/a	NonTarget	1	30081
301.01	n/a	NonTarget	1	30101
301.21	n/a	NonTarget	1	30121
301.41	n/a	NonTarget	1	30141
301.61	n/a	NonTarget	1	30161
301.81	n/a	Target	2	30181
302.01	n/a	NonTarget	1	30201
302.21	n/a	NonTarget	1	30221
302.41	n/a	NonTarget	1	30241
302.61	n/a	Target	2	30261
302.81	n/a	NonTarget	1	30281
303.01	n/a	NonTarget	1	30301
307.46	n/a	NonTarget	1	30746
307.67	n/a	NonTarget	1	30767
307.87	n/a	NonTarget	1	30787
308.07	n/a	Target	2	30807
308.27	n/a	NonTarget	1	30827
308.47	n/a	NonTarget	1	30847
308.67	n/a	Target	2	30867
308.87	n/a	NonTarget	1	30887
309.07	n/a	NonTarget	1	30907
309.27	n/a	NonTarget	1	30927
309.47	n/a	NonTarget	1	30947
309.67	n/a	NonTarget	1	30967
309.87	n/a	NonTarget	1	30987
310.07	n/a	Target	2	31007
310.27	n/a	NonTarget	1	31027
310.47	n/a	NonTarget	1	31047
310.67	n/a	NonTarget	1	31067
310.87	n/a	NonTarget	1	31087
311.07	n/a	Target	2	31107
311.27	n/a	NonTarget	1	31127
311.47	n/a	NonTarget	1	31147
311.67	n/a	NonTarget	1	31167
311.87	n/a	NonTarget	1	31187
312.07	n/a	NonTarget	1	31207
312.27	n/a	Target	2	31227
312.47	n/a	NonTarget	1	31247
312.67	n/a	NonTarget	1	31267
312.87	n/a	NonTarget	1	31287
313.07	n/a	NonTarget	1	31307
313.27	n/a	NonTarget	1	31327
313.47	n/a	NonTarget	1	31347
313.67	n/a	Target	2	31367
313.87	n/a	NonTarget	1	31387
314.07	n/a	NonTarget	1	31407
314.27	n/a	NonTarget	1	31427
314.47	n/a	NonTarget	1	31447
314.67	n/a	Target	2	31467
314.87	n/a	NonTarget	1	31487
315.07	n/a	NonTarget	1	31507
315.27	n/a	NonTarget	1	31527
315.47	n/a	NonTarget	1	31547
315.67	n/a	NonTarget	1	31567
315.87	n/a	NonTarget	1	31587
316.07	n/a	NonTarget	1	31607
316.27	n/a	NonTarget	1	31627
316.47	n/a	NonTarget	1	31647
316.67	n/a	Target	2	31667
316.87	n/a	NonTarget	1	31687
317.07	n/a	NonTarget	1	31707
317.27	n/a	Target	2	31727
317.47	n/a	NonTarget	1	31747
317.67	n/a	NonTarget	1	31767
317.87	n/a	NonTarget	1	31787
318.07	n/a	NonTarget	1	31807
318.27	n/a	Target	2	31827
318.47	n/a	NonTarget	1	31847
318.67	n/a	NonTarget	1	31867
318.87	n/a	NonTarget	1	31887
319.07	n/a	NonTarget	1	31907
319.27	n/a	NonTarget	1	31927
327.09	n/a	NonTarget	1	32709
327.3	n/a	NonTarget	1	32730
327.5	n/a	NonTarget	1	32750
327.7	n/a	NonTarget	1	32770
327.9	n/a	Target	2	32790
328.1	n/a	NonTarget	1	32810
328.3	n/a	NonTarget	1	32830
328.5	n/a	NonTarget	1	32850
328.7	n/a	Target	2	32870
328.9	n/a	NonTarget	1	32890
329.1	n/a	NonTarget	1	32910
329.3	n/a	NonTarget	1	32930
329.5	n/a	NonTarget	1	32950
329.7	n/a	NonTarget	1	32970
329.9	n/a	NonTarget	1	32990
330.1	n/a	Target	2	33010
330.3	n/a	NonTarget	1	33030
330.5	n/a	NonTarget	1	33050
330.7	n/a	NonTarget	1	33070
330.9	n/a	NonTarget	1	33090
331.1	n/a	NonTarget	1	33110
331.3	n/a	NonTarget	1	33130
331.5	n/a	NonTarget	1	33150
331.7	n/a	Target	2	33170
331.9	n/a	NonTarget	1	33190
332.1	n/a	NonTarget	1	33210
332.3	n/a	NonTarget	1	33230
332.5	n/a	NonTarget	1	33250
332.7	n/a	Target	2	33270
332.9	n/a	NonTarget	1	33290
333.1	n/a	NonTarget	1	33310
333.3	n/a	NonTarget	1	33330
333.5	n/a	NonTarget	1	33350
333.7	n/a	NonTarget	1	33370
333.9	n/a	Target	2	33390
334.1	n/a	NonTarget	1	33410
334.3	n/a	NonTarget	1	33430
334.5	n/a	NonTarget	1	33450
334.7	n/a	NonTarget	1	33470
334.9	n/a	Target	2	33490
335.1	n/a	NonTarget	1	33510
335.3	n/a	NonTarget	1	33530
335.5	n/a	Target	2	33550
335.7	n/a	NonTarget	1	33570
335.9	n/a	NonTarget	1	33590
336.1	n/a	NonTarget	1	33610
336.3	n/a	NonTarget	1	33630
336.5	n/a	NonTarget	1	33650
336.7	n/a	NonTarget	1	33670
336.9	n/a	NonTarget	1	33690
337.1	n/a	NonTarget	1	33710
337.3	n/a	NonTarget	1	33730
337.5	n/a	Target	2	33750
337.7	n/a	NonTarget	1	33770
337.9	n/a	NonTarget	1	33790
338.1	n/a	NonTarget	1	33810
338.3	n/a	NonTarget	1	33830
338.5	n/a	Target	2	33850
338.7	n/a	NonTarget	1	33870
338.9	n/a	NonTarget	1	33890
343.34	n/a	NonTarget	1	34334
343.56	n/a	NonTarget	1	34356
343.76	n/a	NonTarget	1	34376
343.96	n/a	Target	2	34396
344.16	n/a	NonTarget	1	34416
344.36	n/a	NonTarget	1	34436
344.56	n/a	NonTarget	1	34456
344.76	n/a	NonTarget	1	34476
344.96	n/a	NonTarget	1	34496
345.16	n/a	NonTarget	1	34516
345.36	n/a	Target	2	34536
345.56	n/a	NonTarget	1	34556
345.76	n/a	NonTarget	1	34576
345.96	n/a	NonTarget	1	34596
346.16	n/a	NonTarget	1	34616
346.36	n/a	NonTarget	1	34636
346.56	n/a	NonTarget	1	34656
346.76	n/a	Target	2	34676
346.96	n/a	NonTarget	1	34696
347.16	n/a	NonTarget	1	34716
347.36	n/a	NonTarget	1	34736
347.56	n/a	Target	2	34756
347.76	n/a	NonTarget	1	34776
347.96	n/a	NonTarget	1	34796
348.16	n/a	Target	2	34816
348.36	n/a	NonTarget	1	34836
348.56	n/a	NonTarget	1	34856
348.76	n/a	NonTarget	1	34876
348.96	n/a	NonTarget	1	34896
349.16	n/a	NonTarget	1	34916
349.36	n/a	NonTarget	1	34936
349.56	n/a	NonTarget	1	34956
349.76	n/a	NonTarget	1	34976
349.96	n/a	NonTarget	1	34996
350.16	n/a	Target	2	35016
350.36	n/a	NonTarget	1	35036
350.56	n/a	NonTarget	1	35056
350.76	n/a	Target	2	35076
350.96	n/a	NonTarget	1	35096
351.16	n/a	NonTarget	1	35116
351.36	n/a	NonTarget	1	35136
351.56	n/a	NonTarget	1	35156
351.76	n/a	NonTarget	1	35176
351.96	n/a	NonTarget	1	35196
352.16	n/a	NonTarget	1	35216
352.36	n/a	Target	2	35236
352.56	n/a	NonTarget	1	35256
352.76	n/a	NonTarget	1	35276
352.96	n/a	Target	2	35296
353.16	n/a	NonTarget	1	35316
353.36	n/a	NonTarget	1	35336
353.56	n/a	NonTarget	1	35356
353.76	n/a	NonTarget	1	35376
353.96	n/a	NonTarget	1	35396
354.16	n/a	Target	2	35416
354.36	n/a	NonTarget	1	35436
354.56	n/a	NonTarget	1	35456
354.76	n/a	NonTarget	1	35476
354.96	n/a	NonTarget	1	35496
355.16	n/a	NonTarget	1	35516
362.98	n/a	NonTarget	1	36298
363.19	n/a	Target	2	36319
363.39	n/a	NonTarget	1	36339
363.59	n/a	NonTarget	1	36359
363.79	n/a	NonTarget	1	36379
363.99	n/a	NonTarget	1	36399
364.18	n/a	Target	2	36418
364.38	n/a	NonTarget	1	36438
364.58	n/a	NonTarget	1	36458
364.78	n/a	NonTarget	1	36478
364.98	n/a	NonTarget	1	36498
365.18	n/a	NonTarget	1	36518
365.38	n/a	NonTarget	1	36538
365.58	n/a	NonTarget	1	36558
365.78	n/a	NonTarget	1	36578
365.98	n/a	NonTarget	1	36598
366.18	n/a	Target	2	36618
366.38	n/a	NonTarget	1	36638
366.58	n/a	NonTarget	1	36658
366.78	n/a	NonTarget	1	36678
366.98	n/a	Target	2	36698
367.18	n/a	NonTarget	1	36718
367.38	n/a	NonTarget	1	36738
367.58	n/a	NonTarget	1	36758
367.78	n/a	NonTarget	1	36778
367.98	n/a	NonTarget	1	36798
368.18	n/a	NonTarget	1	36818
368.38	n/a	NonTarget	1	36838
368.58	n/a	Target	2	36858
368.78	n/a	NonTarget	1	36878
368.98	n/a	NonTarget	1	36898
369.18	n/a	NonTarget	1	36918
369.38	n/a	Target	2	36938
369.58	n/a	NonTarget	1	36958
369.78	n/a	NonTarget	1	36978
369.98	n/a	NonTarget	1	36998
370.18	n/a	Target	2	37018
370.38	n/a	NonTarget	1	37038
370.58	n/a	NonTarget	1	37058
370.78	n/a	NonTarget	1	37078
370.98	n/a	NonTarget	1	37098
371.18	n/a	NonTarget	1	37118
371.38	n/a	NonTarget	1	37138
371.58	n/a	NonTarget	1	37158
371.78	n/a	NonTarget	1	37178
371.98	n/a	NonTarget	1	37198
372.18	n/a	Target	2	37218
372.38	n/a	NonTarget	1	37238
372.58	n/a	NonTarget	1	37258
372.78	n/a	Target	2	37278
372.98	n/a	NonTarget	1	37298
373.18	n/a	NonTarget	1	37318
373.38	n/a	NonTarget	1	37338
373.58	n/a	NonTarget	1	37358
373.78	n/a	NonTarget	1	37378
373.98	n/a	NonTarget	1	37398
374.18	n/a	NonTarget	1	37418
374.38	n/a	NonTarget	1	37438
374.58	n/a	NonTarget	1	37458
374.78	n/a	Target	2	37478
379.23	n/a	NonTarget	1	37923
379.45	n/a	NonTarget	1	37945
379.65	n/a	Target	2	37965
379.85	n/a	NonTarget	1	37985
380.05	n/a	NonTarget	1	38005
380.25	n/a	NonTarget	1	38025
380.44	n/a	NonTarget	1	38044
380.64	n/a	Target	2	38064
380.84	n/a	NonTarget	1	38084
381.04	n/a	NonTarget	1	38104
381.24	n/a	NonTarget	1	38124
381.44	n/a	NonTarget	1	38144
381.64	n/a	NonTarget	1	38164
381.84	n/a	NonTarget	1	38184
382.04	n/a	Target	2	38204
382.24	n/a	NonTarget	1	38224
382.44	n/a	NonTarget	1	38244
382.64	n/a	NonTarget	1	38264
382.84	n/a	NonTarget	1	38284
383.04	n/a	NonTarget	1	38304
383.24	n/a	NonTarget	1	38324
383.44	n/a	NonTarget	1	38344
383.64	n/a	Target	2	38364
383.84	n/a	NonTarget	1	38384
384.04	n/a	NonTarget	1	38404
384.24	n/a	NonTarget	1	38424
384.44	n/a	Target	2	38444
384.64	n/a	NonTarget	1	38464
384.84	n/a	NonTarget	1	38484
385.04	n/a	NonTarget	1	38504
385.24	n/a	NonTarget	1	38524
385.44	n/a	NonTarget	1	38544
385.64	n/a	NonTarget	1	38564
385.84	n/a	NonTarget	1	38584
386.04	n/a	NonTarget	1	38604
386.24	n/a	Target	2	38624
386.44	n/a	NonTarget	1	38644
386.64	n/a	NonTarget	1	38664
386.84	n/a	NonTarget	1	38684
387.04	n/a	NonTarget	1	38704
387.24	n/a	NonTarget	1	38724
387.44	n/a	Target	2	38744
387.64	n/a	NonTarget	1	38764
387.84	n/a	NonTarget	1	38784
388.04	n/a	NonTarget	1	38804
388.24	n/a	Target	2	38824
388.44	n/a	NonTarget	1	38844
388.64	n/a	NonTarget	1	38864
388.84	n/a	NonTarget	1	38884
389.04	n/a	NonTarget	1	38904
389.24	n/a	NonTarget	1	38924
389.44	n/a	NonTarget	1	38944
389.64	n/a	Target	2	38964
389.84	n/a	NonTarget	1	38984
390.04	n/a	NonTarget	1	39004
390.24	n/a	Target	2	39024
390.44	n/a	NonTarget	1	39044
390.64	n/a	NonTarget	1	39064
390.84	n/a	NonTarget	1	39084
391.04	n/a	NonTarget	1	39104
398.86	n/a	NonTarget	1	39886
399.07	n/a	NonTarget	1	39907
399.27	n/a	Target	2	39927
399.47	n/a	NonTarget	1	39947
399.67	n/a	NonTarget	1	39967
399.87	n/a	NonTarget	1	39987
400.07	n/a	Target	2	40007
400.27	n/a	NonTarget	1	40027
400.47	n/a	NonTarget	1	40047
400.67	n/a	NonTarget	1	40067
400.87	n/a	NonTarget	1	40087
401.07	n/a	NonTarget	1	40107
401.27	n/a	NonTarget	1	40127
401.47	n/a	NonTarget	1	40147
401.67	n/a	NonTarget	1	40167
401.87	n/a	Target	2	40187
402.07	n/a	NonTarget	1	40207
402.27	n/a	NonTarget	1	40227
402.47	n/a	Target	2	40247
402.67	n/a	NonTarget	1	40267
402.87	n/a	NonTarget	1	40287
403.07	n/a	NonTarget	1	40307
403.27	n/a	NonTarget	1	40327
403.47	n/a	NonTarget	1	40347
403.67	n/a	NonTarget	1	40367
403.87	n/a	Target	2	40387
404.07	n/a	NonTarget	1	40407
404.27	n/a	NonTarget	1	40427
404.47	n/a	NonTarget	1	40447
404.67	n/a	NonTarget	1	40467
404.87	n/a	Target	2	40487
405.07	n/a	NonTarget	1	40507
405.27	n/a	NonTarget	1	40527
405.47	n/a	NonTarget	1	40547
405.67	n/a	NonTarget	1	40567
405.87	n/a	NonTarget	1	40587
406.07	n/a	NonTarget	1	40607
406.27	n/a	Target	2	40627
406.47	n/a	NonTarget	1	40647
406.67	n/a	NonTarget	1	40667
406.87	n/a	NonTarget	1	40687
407.07	n/a	NonTarget	1	40707
407.27	n/a	NonTarget	1	40727
407.47	n/a	Target	2	40747
407.67	n/a	NonTarget	1	40767
407.87	n/a	NonTarget	1	40787
408.07	n/a	NonTarget	1	40807
408.27	n/a	NonTarget	1	40827
408.47	n/a	Target	2	40847
408.67	n/a	NonTarget	1	40867
408.87	n/a	NonTarget	1	40887
409.07	n/a	NonTarget	1	40907
409.27	n/a	NonTarget	1	40927
409.47	n/a	NonTarget	1	40947
409.67	n/a	NonTarget	1	40967
409.87	n/a	NonTarget	1	40987
410.07	n/a	NonTarget	1	41007
410.27	n/a	NonTarget	1	41027
410.47	n/a	NonTarget	1	41047
410.67	n/a	Target	2	41067
415.11	n/a	NonTarget	1	41511
415.33	n/a	NonTarget	1	41533
415.53	n/a	NonTarget	1	41553
415.73	n/a	Target	2	41573
415.93	n/a	NonTarget	1	41593
416.13	n/a	NonTarget	1	41613
416.33	n/a	Target	2	41633
416.53	n/a	NonTarget	1	41653
416.73	n/a	NonTarget	1	41673
416.93	n/a	NonTarget	1	41693
417.13	n/a	NonTarget	1	41713
417.33	n/a	NonTarget	1	41733
417.53	n/a	NonTarget	1	41753
417.73	n/a	NonTarget	1	41773
417.93	n/a	NonTarget	1	41793
418.13	n/a	NonTarget	1	41813
418.33	n/a	NonTarget	1	41833
418.53	n/a	Target	2	41853
418.73	n/a	NonTarget	1	41873
418.93	n/a	NonTarget	1	41893
419.13	n/a	NonTarget	1	41913
419.33	n/a	Target	2	41933
419.53	n/a	NonTarget	1	41953
419.73	n/a	NonTarget	1	41973
419.93	n/a	NonTarget	1	41993
420.13	n/a	Target	2	42013
420.33	n/a	NonTarget	1	42033
420.53	n/a	NonTarget	1	42053
420.73	n/a	NonTarget	1	42073
420.93	n/a	NonTarget	1	42093
421.13	n/a	Target	2	42113
421.33	n/a	NonTarget	1	42133
421.53	n/a	NonTarget	1	42153
421.73	n/a	NonTarget	1	42173
421.93	n/a	NonTarget	1	42193
422.13	n/a	NonTarget	1	42213
422.33	n/a	NonTarget	1	42233
422.53	n/a	NonTarget	1	42253
422.73	n/a	Target	2	42273
422.93	n/a	NonTarget	1	42293
423.13	n/a	NonTarget	1	42313
423.33	n/a	NonTarget	1	42333
423.53	n/a	NonTarget	1	42353
423.73	n/a	NonTarget	1	42373
423.93	n/a	Target	2	42393
424.13	n/a	NonTarget	1	42413
424.33	n/a	NonTarget	1	42433
424.53	n/a	NonTarget	1	42453
424.73	n/a	NonTarget	1	42473
424.93	n/a	NonTarget	1	42493
425.13	n/a	Target	2	42513
425.33	n/a	NonTarget	1	42533
425.53	n/a	NonTarget	1	42553
425.73	n/a	NonTarget	1	42573
425.93	n/a	NonTarget	1	42593
426.13	n/a	Target	2	42613
426.33	n/a	NonTarget	1	42633
426.53	n/a	NonTarget	1	42653
426.73	n/a	NonTarget	1	42673
426.93	n/a	NonTarget	1	42693
434.75	n/a	NonTarget	1	43475
434.96	n/a	NonTarget	1	43496
435.16	n/a	NonTarget	1	43516
435.36	n/a	NonTarget	1	43536
435.56	n/a	Target	2	43556
435.76	n/a	NonTarget	1	43576
435.96	n/a	NonTarget	1	43596
436.16	n/a	NonTarget	1	43616
436.36	n/a	NonTarget	1	43636
436.55	n/a	Target	2	43655
436.75	n/a	NonTarget	1	43675
436.95	n/a	NonTarget	1	43695
437.15	n/a	NonTarget	1	43715
437.35	n/a	NonTarget	1	43735
437.55	n/a	Target	2	43755
437.75	n/a	NonTarget	1	43775
437.95	n/a	NonTarget	1	43795
438.15	n/a	NonTarget	1	43815
438.35	n/a	NonTarget	1	43835
438.55	n/a	NonTarget	1	43855
438.75	n/a	Target	2	43875
438.95	n/a	NonTarget	1	43895
439.15	n/a	NonTarget	1	43915
439.35	n/a	NonTarget	1	43935
439.55	n/a	NonTarget	1	43955
439.75	n/a	Target	2	43975
439.95	n/a	NonTarget	1	43995
440.15	n/a	NonTarget	1	44015
440.35	n/a	NonTarget	1	44035
440.55	n/a	NonTarget	1	44055
440.75	n/a	Target	2	44075
440.95	n/a	NonTarget	1	44095
441.15	n/a	NonTarget	1	44115
441.35	n/a	NonTarget	1	44135
441.55	n/a	NonTarget	1	44155
441.75	n/a	NonTarget	1	44175
441.95	n/a	Target	2	44195
442.15	n/a	NonTarget	1	44215
442.35	n/a	NonTarget	1	44235
442.55	n/a	NonTarget	1	44255
442.75	n/a	NonTarget	1	44275
442.95	n/a	NonTarget	1	44295
443.15	n/a	NonTarget	1	44315
443.35	n/a	NonTarget	1	44335
443.55	n/a	NonTarget	1	44355
443.75	n/a	NonTarget	1	44375
443.95	n/a	Target	2	44395
444.15	n/a	NonTarget	1	44415
444.35	n/a	NonTarget	1	44435
444.55	n/a	NonTarget	1	44455
444.75	n/a	Target	2	44475
444.95	n/a	NonTarget	1	44495
445.15	n/a	NonTarget	1	44515
445.35	n/a	NonTarget	1	44535
445.55	n/a	Target	2	44555
445.75	n/a	NonTarget	1	44575
445.95	n/a	NonTarget	1	44595
446.15	n/a	NonTarget	1	44615
446.35	n/a	NonTarget	1	44635
446.55	n/a	NonTarget	1	44655
451.0	n/a	Target	2	45100
451.22	n/a	NonTarget	1	45122
451.42	n/a	NonTarget	1	45142
451.62	n/a	NonTarget	1	45162
451.82	n/a	NonTarget	1	45182
452.02	n/a	NonTarget	1	45202
452.22	n/a	NonTarget	1	45222
452.42	n/a	Target	2	45242
452.62	n/a	NonTarget	1	45262
452.81	n/a	NonTarget	1	45281
453.01	n/a	NonTarget	1	45301
453.21	n/a	NonTarget	1	45321
453.41	n/a	NonTarget	1	45341
453.62	n/a	NonTarget	1	45362
453.81	n/a	Target	2	45381
454.01	n/a	NonTarget	1	45401
454.21	n/a	NonTarget	1	45421
454.41	n/a	NonTarget	1	45441
454.61	n/a	NonTarget	1	45461
454.81	n/a	Target	2	45481
455.01	n/a	NonTarget	1	45501
455.21	n/a	NonTarget	1	45521
455.41	n/a	NonTarget	1	45541
455.61	n/a	NonTarget	1	45561
455.81	n/a	NonTarget	1	45581
456.01	n/a	NonTarget	1	45601
456.21	n/a	Target	2	45621
456.41	n/a	NonTarget	1	45641
456.61	n/a	NonTarget	1	45661
456.81	n/a	NonTarget	1	45681
457.01	n/a	Target	2	45701
457.21	n/a	NonTarget	1	45721
457.41	n/a	NonTarget	1	45741
457.61	n/a	NonTarget	1	45761
457.81	n/a	NonTarget	1	45781
458.01	n/a	NonTarget	1	45801
458.21	n/a	NonTarget	1	45821
458.41	n/a	NonTarget	1	45841
458.61	n/a	NonTarget	1	45861
458.81	n/a	Target	2	45881
459.01	n/a	NonTarget	1	45901
459.21	n/a	NonTarget	1	45921
459.41	n/a	Target	2	45941
459.61	n/a	NonTarget	1	45961
459.81	n/a	NonTarget	1	45981
460.01	n/a	NonTarget	1	46001
460.21	n/a	NonTarget	1	46021
460.41	n/a	NonTarget	1	46041
460.61	n/a	NonTarget	1	46061
460.81	n/a	NonTarget	1	46081
461.01	n/a	NonTarget	1	46101
461.21	n/a	NonTarget	1	46121
461.41	n/a	NonTarget	1	46141
461.61	n/a	Target	2	46161
461.81	n/a	NonTarget	1	46181
462.01	n/a	NonTarget	1	46201
462.21	n/a	NonTarget	1	46221
462.41	n/a	NonTarget	1	46241
462.61	n/a	Target	2	46261
462.81	n/a	NonTarget	1	46281
470.63	n/a	NonTarget	1	47063
470.84	n/a	NonTarget	1	47084
471.04	n/a	NonTarget	1	47104
471.24	n/a	Target	2	47124
471.44	n/a	NonTarget	1	47144
471.64	n/a	NonTarget	1	47164
471.84	n/a	NonTarget	1	47184
472.04	n/a	NonTarget	1	47204
472.24	n/a	Target	2	47224
472.44	n/a	NonTarget	1	47244
472.64	n/a	NonTarget	1	47264
472.84	n/a	NonTarget	1	47284
473.04	n/a	NonTarget	1	47304
473.24	n/a	NonTarget	1	47324
473.44	n/a	Target	2	47344
473.64	n/a	NonTarget	1	47364
473.84	n/a	NonTarget	1	47384
474.04	n/a	NonTarget	1	47404
474.24	n/a	NonTarget	1	47424
474.44	n/a	NonTarget	1	47444
474.64	n/a	NonTarget	1	47464
474.84	n/a	NonTarget	1	47484
475.04	n/a	NonTarget	1	47504
475.24	n/a	Target	2	47524
475.44	n/a	NonTarget	1	47544
475.64	n/a	NonTarget	1	47564
475.84	n/a	NonTarget	1	47584
476.04	n/a	NonTarget	1	47604
476.24	n/a	Target	2	47624
476.44	n/a	NonTarget	1	47644
476.64	n/a	NonTarget	1	47664
476.84	n/a	NonTarget	1	47684
477.04	n/a	NonTarget	1	47704
477.24	n/a	NonTarget	1	47724
477.44	n/a	NonTarget	1	47744
477.64	n/a	Target	2	47764
477.84	n/a	NonTarget	1	47784
478.04	n/a	NonTarget	1	47804
478.24	n/a	NonTarget	1	47824
478.44	n/a	NonTarget	1	47844
478.64	n/a	Target	2	47864
478.84	n/a	NonTarget	1	47884
479.04	n/a	NonTarget	1	47904
479.24	n/a	NonTarget	1	47924
479.44	n/a	NonTarget	1	47944
479.64	n/a	NonTarget	1	47964
479.84	n/a	Target	2	47984
480.04	n/a	NonTarget	1	48004
480.24	n/a	NonTarget	1	48024
480.44	n/a	NonTarget	1	48044
480.64	n/a	NonTarget	1	48064
480.84	n/a	Target	2	48084
481.04	n/a	NonTarget	1	48104
481.24	n/a	NonTarget	1	48124
481.44	n/a	NonTarget	1	48144
481.64	n/a	NonTarget	1	48164
481.84	n/a	Target	2	48184
482.04	n/a	NonTarget	1	48204
482.24	n/a	NonTarget	1	48224
482.44	n/a	NonTarget	1	48244
486.89	n/a	Target	2	48689
487.1	n/a	NonTarget	1	48710
487.3	n/a	NonTarget	1	48730
487.5	n/a	NonTarget	1	48750
487.7	n/a	NonTarget	1	48770
487.9	n/a	NonTarget	1	48790
488.1	n/a	Target	2	48810
488.3	n/a	NonTarget	1	48830
488.5	n/a	NonTarget	1	48850
488.7	n/a	NonTarget	1	48870
488.9	n/a	NonTarget	1	48890
489.1	n/a	NonTarget	1	48910
489.3	n/a	NonTarget	1	48930
489.5	n/a	NonTarget	1	48950
489.7	n/a	NonTarget	1	48970
489.9	n/a	NonTarget	1	48990
490.1	n/a	Target	2	49010
490.3	n/a	NonTarget	1	49030
490.5	n/a	NonTarget	1	49050
490.7	n/a	Target	2	49070
490.9	n/a	NonTarget	1	49090
491.1	n/a	NonTarget	1	49110
491.3	n/a	NonTarget	1	49130
491.5	n/a	NonTarget	1	49150
491.7	n/a	Target	2	49170
491.9	n/a	NonTarget	1	49190
492.1	n/a	NonTarget	1	49210
492.3	n/a	NonTarget	1	49230
492.5	n/a	NonTarget	1	49250
492.7	n/a	NonTarget	1	49270
492.9	n/a	NonTarget	1	49290
493.1	n/a	NonTarget	1	49310
493.3	n/a	Target	2	49330
493.5	n/a	NonTarget	1	49350
493.7	n/a	NonTarget	1	49370
493.9	n/a	NonTarget	1	49390
494.1	n/a	NonTarget	1	49410
494.3	n/a	NonTarget	1	49430
494.5	n/a	NonTarget	1	49450
494.7	n/a	Target	2	49470
494.9	n/a	NonTarget	1	49490
495.1	n/a	NonTarget	1	49510
495.3	n/a	Target	2	49530
495.5	n/a	NonTarget	1	49550
495.7	n/a	NonTarget	1	49570
495.9	n/a	NonTarget	1	49590
496.1	n/a	NonTarget	1	49610
496.3	n/a	NonTarget	1	49630
496.5	n/a	Target	2	49650
496.7	n/a	NonTarget	1	49670
496.9	n/a	NonTarget	1	49690
497.1	n/a	NonTarget	1	49710
497.3	n/a	NonTarget	1	49730
497.5	n/a	NonTarget	1	49750
497.7	n/a	NonTarget	1	49770
497.9	n/a	NonTarget	1	49790
498.1	n/a	NonTarget	1	49810
498.3	n/a	Target	2	49830
498.5	n/a	NonTarget	1	49850
498.7	n/a	NonTarget	1	49870
506.52	n/a	NonTarget	1	50652
506.73	n/a	NonTarget	1	50673
506.93	n/a	NonTarget	1	50693
507.13	n/a	NonTarget	1	50713
507.33	n/a	NonTarget	1	50733
507.53	n/a	Target	2	50753
507.73	n/a	NonTarget	1	50773
507.93	n/a	NonTarget	1	50793
508.13	n/a	Target	2	50813
508.33	n/a	NonTarget	1	50833
508.53	n/a	NonTarget	1	50853
508.73	n/a	NonTarget	1	50873
508.93	n/a	NonTarget	1	50893
509.13	n/a	NonTarget	1	50913
509.32	n/a	NonTarget	1	50932
509.52	n/a	NonTarget	1	50952
509.72	n/a	Target	2	50972
509.92	n/a	NonTarget	1	50992
510.12	n/a	NonTarget	1	51012
510.32	n/a	NonTarget	1	51032
510.52	n/a	Target	2	51052
510.72	n/a	NonTarget	1	51072
510.92	n/a	NonTarget	1	51092
511.12	n/a	NonTarget	1	51112
511.32	n/a	NonTarget	1	51132
511.52	n/a	Target	2	51152
511.72	n/a	NonTarget	1	51172
511.92	n/a	NonTarget	1	51192
512.12	n/a	NonTarget	1	51212
512.32	n/a	NonTarget	1	51232
512.52	n/a	NonTarget	1	51252
512.72	n/a	NonTarget	1	51272
512.92	n/a	Target	2	51292
513.12	n/a	NonTarget	1	51312
513.32	n/a	NonTarget	1	51332
513.52	n/a	NonTarget	1	51352
513.72	n/a	Target	2	51372
513.92	n/a	NonTarget	1	51392
514.12	n/a	NonTarget	1	51412
514.32	n/a	NonTarget	1	51432
514.52	n/a	NonTarget	1	51452
514.72	n/a	NonTarget	1	51472
514.92	n/a	NonTarget	1	51492
515.12	n/a	Target	2	51512
515.32	n/a	NonTarget	1	51532
515.52	n/a	NonTarget	1	51552
515.72	n/a	NonTarget	1	51572
515.92	n/a	NonTarget	1	51592
516.12	n/a	NonTarget	1	51612
516.32	n/a	NonTarget	1	51632
516.52	n/a	NonTarget	1	51652
516.72	n/a	NonTarget	1	51672
516.92	n/a	NonTarget	1	51692
517.12	n/a	Target	2	51712
517.32	n/a	NonTarget	1	51732
517.52	n/a	NonTarget	1	51752
517.72	n/a	Target	2	51772
517.92	n/a	NonTarget	1	51792
518.12	n/a	NonTarget	1	51812
518.32	n/a	NonTarget	1	51832
522.77	n/a	Target	2	52277
522.99	n/a	NonTarget	1	52299
523.19	n/a	NonTarget	1	52319
523.39	n/a	NonTarget	1	52339
523.59	n/a	NonTarget	1	52359
523.79	n/a	NonTarget	1	52379
523.99	n/a	NonTarget	1	52399
524.19	n/a	NonTarget	1	52419
524.39	n/a	NonTarget	1	52439
524.59	n/a	NonTarget	1	52459
524.79	n/a	Target	2	52479
524.99	n/a	NonTarget	1	52499
525.19	n/a	NonTarget	1	52519
525.38	n/a	NonTarget	1	52538
525.58	n/a	Target	2	52558
525.78	n/a	NonTarget	1	52578
525.99	n/a	NonTarget	1	52599
526.18	n/a	NonTarget	1	52618
526.38	n/a	Target	2	52638
526.58	n/a	NonTarget	1	52658
526.78	n/a	NonTarget	1	52678
526.98	n/a	NonTarget	1	52698
527.18	n/a	NonTarget	1	52718
527.38	n/a	NonTarget	1	52738
527.58	n/a	NonTarget	1	52758
527.78	n/a	NonTarget	1	52778
527.98	n/a	NonTarget	1	52798
528.18	n/a	Target	2	52818
528.38	n/a	NonTarget	1	52838
528.58	n/a	NonTarget	1	52858
528.78	n/a	NonTarget	1	52878
528.98	n/a	NonTarget	1	52898
529.18	n/a	NonTarget	1	52918
529.38	n/a	Target	2	52938
529.58	n/a	NonTarget	1	52958
529.78	n/a	NonTarget	1	52978
529.98	n/a	NonTarget	1	52998
530.18	n/a	NonTarget	1	53018
530.38	n/a	Target	2	53038
530.58	n/a	NonTarget	1	53058
530.78	n/a	NonTarget	1	53078
530.98	n/a	NonTarget	1	53098
531.18	n/a	NonTarget	1	53118
531.38	n/a	Target	2	53138
531.58	n/a	NonTarget	1	53158
531.78	n/a	NonTarget	1	53178
531.98	n/a	NonTarget	1	53198
532.18	n/a	NonTarget	1	53218
532.38	n/a	NonTarget	1	53238
532.58	n/a	NonTarget	1	53258
532.78	n/a	NonTarget	1	53278
532.98	n/a	Target	2	53298
533.18	n/a	NonTarget	1	53318
533.38	n/a	NonTarget	1	53338
533.58	n/a	NonTarget	1	53358
533.78	n/a	NonTarget	1	53378
533.98	n/a	NonTarget	1	53398
534.18	n/a	NonTarget	1	53418
534.38	n/a	NonTarget	1	53438
534.58	n/a	Target	2	53458
542.4	n/a	NonTarget	1	54240
542.61	n/a	NonTarget	1	54261
542.81	n/a	Target	2	54281
543.01	n/a	NonTarget	1	54301
543.21	n/a	NonTarget	1	54321
543.41	n/a	NonTarget	1	54341
543.61	n/a	Target	2	54361
543.81	n/a	NonTarget	1	54381
544.01	n/a	NonTarget	1	54401
544.21	n/a	NonTarget	1	54421
544.41	n/a	NonTarget	1	54441
544.61	n/a	NonTarget	1	54461
544.81	n/a	NonTarget	1	54481
545.01	n/a	NonTarget	1	54501
545.21	n/a	Target	2	54521
545.41	n/a	NonTarget	1	54541
545.61	n/a	NonTarget	1	54561
545.81	n/a	NonTarget	1	54581
546.01	n/a	NonTarget	1	54601
546.21	n/a	Target	2	54621
546.41	n/a	NonTarget	1	54641
546.61	n/a	NonTarget	1	54661
546.81	n/a	NonTarget	1	54681
547.01	n/a	NonTarget	1	54701
547.21	n/a	NonTarget	1	54721
547.41	n/a	NonTarget	1	54741
547.61	n/a	NonTarget	1	54761
547.81	n/a	NonTarget	1	54781
548.01	n/a	NonTarget	1	54801
548.21	n/a	Target	2	54821
548.41	n/a	NonTarget	1	54841
548.61	n/a	NonTarget	1	54861
548.81	n/a	NonTarget	1	54881
549.01	n/a	Target	2	54901
549.21	n/a	NonTarget	1	54921
549.41	n/a	NonTarget	1	54941
549.61	n/a	NonTarget	1	54961
549.81	n/a	NonTarget	1	54981
550.01	n/a	NonTarget	1	55001
550.21	n/a	NonTarget	1	55021
550.41	n/a	Target	2	55041
550.61	n/a	NonTarget	1	55061
550.81	n/a	NonTarget	1	55081
551.01	n/a	NonTarget	1	55101
551.21	n/a	Target	2	55121
551.41	n/a	NonTarget	1	55141
551.61	n/a	NonTarget	1	55161
551.81	n/a	NonTarget	1	55181
552.01	n/a	NonTarget	1	55201
552.21	n/a	Target	2	55221
552.41	n/a	NonTarget	1	55241
552.61	n/a	NonTarget	1	55261
552.81	n/a	NonTarget	1	55281
553.01	n/a	NonTarget	1	55301
553.21	n/a	NonTarget	1	55321
553.41	n/a	NonTarget	1	55341
553.61	n/a	NonTarget	1	55361
553.81	n/a	NonTarget	1	55381
554.01	n/a	NonTarget	1	55401
554.21	n/a	Target	2	55421
558.66	n/a	NonTarget	1	55866
558.87	n/a	Target	2	55887
559.07	n/a	NonTarget	1	55907
559.27	n/a	NonTarget	1	55927
559.47	n/a	NonTarget	1	55947
559.67	n/a	NonTarget	1	55967
559.87	n/a	Target	2	55987
560.07	n/a	NonTarget	1	56007
560.27	n/a	NonTarget	1	56027
560.47	n/a	NonTarget	1	56047
560.67	n/a	NonTarget	1	56067
560.87	n/a	NonTarget	1	56087
561.07	n/a	NonTarget	1	56107
561.27	n/a	NonTarget	1	56127
561.47	n/a	NonTarget	1	56147
561.67	n/a	Target	2	56167
561.87	n/a	NonTarget	1	56187
562.07	n/a	NonTarget	1	56207
562.27	n/a	NonTarget	1	56227
562.47	n/a	NonTarget	1	56247
562.67	n/a	NonTarget	1	56267
562.87	n/a	Target	2	56287
563.07	n/a	NonTarget	1	56307
563.27	n/a	NonTarget	1	56327
563.47	n/a	Target	2	56347
563.67	n/a	NonTarget	1	56367
563.87	n/a	NonTarget	1	56387
564.07	n/a	NonTarget	1	56407
564.27	n/a	NonTarget	1	56427
564.47	n/a	NonTarget	1	56447
564.67	n/a	NonTarget	1	56467
564.87	n/a	NonTarget	1	56487
565.07	n/a	NonTarget	1	56507
565.27	n/a	NonTarget	1	56527
565.47	n/a	Target	2	56547
565.67	n/a	NonTarget	1	56567
565.87	n/a	NonTarget	1	56587
566.07	n/a	NonTarget	1	56607
566.27	n/a	Target	2	56627
566.47	n/a	NonTarget	1	56647
566.67	n/a	NonTarget	1	56667
566.87	n/a	NonTarget	1	56687
567.07	n/a	NonTarget	1	56707
567.27	n/a	Target	2	56727
567.47	n/a	NonTarget	1	56747
567.67	n/a	NonTarget	1	56767
567.87	n/a	NonTarget	1	56787
568.07	n/a	NonTarget	1	56807
568.27	n/a	NonTarget	1	56827
568.47	n/a	NonTarget	1	56847
568.67	n/a	NonTarget	1	56867
568.87	n/a	NonTarget	1	56887
569.07	n/a	NonTarget	1	56907
569.27	n/a	Target	2	56927
569.47	n/a	NonTarget	1	56947
569.67	n/a	NonTarget	1	56967
569.87	n/a	NonTarget	1	56987
570.07	n/a	NonTarget	1	57007
570.27	n/a	Target	2	57027
570.47	n/a	NonTarget	1	57047
578.29	n/a	NonTarget	1	57829
578.5	n/a	NonTarget	1	57850
578.7	n/a	NonTarget	1	57870
578.9	n/a	NonTarget	1	57890
579.1	n/a	NonTarget	1	57910
579.3	n/a	Target	2	57930
579.5	n/a	NonTarget	1	57950
579.7	n/a	NonTarget	1	57970
579.9	n/a	NonTarget	1	57990
580.1	n/a	Target	2	58010
580.3	n/a	NonTarget	1	58030
580.5	n/a	NonTarget	1	58050
580.7	n/a	NonTarget	1	58070
580.9	n/a	Target	2	58090
581.1	n/a	NonTarget	1	58110
581.3	n/a	NonTarget	1	58130
581.5	n/a	NonTarget	1	58150
581.7	n/a	NonTarget	1	58170
581.89	n/a	NonTarget	1	58189
582.1	n/a	Target	2	58210
582.29	n/a	NonTarget	1	58229
582.49	n/a	NonTarget	1	58249
582.69	n/a	NonTarget	1	58269
582.89	n/a	NonTarget	1	58289
583.09	n/a	Target	2	58309
583.29	n/a	NonTarget	1	58329
583.49	n/a	NonTarget	1	58349
583.69	n/a	NonTarget	1	58369
583.89	n/a	NonTarget	1	58389
584.09	n/a	NonTarget	1	58409
584.29	n/a	NonTarget	1	58429
584.49	n/a	Target	2	58449
584.69	n/a	NonTarget	1	58469
584.89	n/a	NonTarget	1	58489
585.09	n/a	NonTarget	1	58509
585.29	n/a	NonTarget	1	58529
585.49	n/a	NonTarget	1	58549
585.69	n/a	NonTarget	1	58569
585.89	n/a	NonTarget	1	58589
586.09	n/a	NonTarget	1	58609
586.29	n/a	Target	2	58629
586.49	n/a	NonTarget	1	58649
586.69	n/a	NonTarget	1	58669
586.89	n/a	NonTarget	1	58689
587.09	n/a	NonTarget	1	58709
587.29	n/a	NonTarget	1	58729
587.49	n/a	Target	2	58749
587.69	n/a	NonTarget	1	58769
587.89	n/a	NonTarget	1	58789
588.09	n/a	NonTarget	1	58809
588.29	n/a	Target	2	58829
588.49	n/a	NonTarget	1	58849
588.69	n/a	NonTarget	1	58869
588.89	n/a	NonTarget	1	58889
589.09	n/a	NonTarget	1	58909
589.29	n/a	Target	2	58929
589.49	n/a	NonTarget	1	58949
589.69	n/a	NonTarget	1	58969
589.89	n/a	NonTarget	1	58989
590.09	n/a	NonTarget	1	59009
594.54	n/a	NonTarget	1	59454
594.76	n/a	NonTarget	1	59476
594.96	n/a	NonTarget	1	59496
595.16	n/a	Target	2	59516
595.36	n/a	NonTarget	1	59536
595.56	n/a	NonTarget	1	59556
595.76	n/a	Target	2	59576
595.96	n/a	NonTarget	1	59596
596.16	n/a	NonTarget	1	59616
596.36	n/a	NonTarget	1	59636
596.56	n/a	NonTarget	1	59656
596.76	n/a	NonTarget	1	59676
596.96	n/a	NonTarget	1	59696
597.16	n/a	Target	2	59716
597.36	n/a	NonTarget	1	59736
597.56	n/a	NonTarget	1	59756
597.76	n/a	NonTarget	1	59776
597.95	n/a	NonTarget	1	59795
598.15	n/a	NonTarget	1	59815
598.36	n/a	Target	2	59836
598.55	n/a	NonTarget	1	59855
598.75	n/a	NonTarget	1	59875
598.95	n/a	NonTarget	1	59895
599.15	n/a	NonTarget	1	59915
599.35	n/a	NonTarget	1	59935
599.55	n/a	NonTarget	1	59955
599.75	n/a	NonTarget	1	59975
599.95	n/a	NonTarget	1	59995
600.15	n/a	Target	2	60015
600.35	n/a	NonTarget	1	60035
600.55	n/a	NonTarget	1	60055
600.75	n/a	NonTarget	1	60075
600.95	n/a	NonTarget	1	60095
601.15	n/a	NonTarget	1	60115
601.35	n/a	NonTarget	1	60135
601.55	n/a	Target	2	60155
601.75	n/a	NonTarget	1	60175
601.95	n/a	NonTarget	1	60195
602.15	n/a	NonTarget	1	60215
602.35	n/a	NonTarget	1	60235
602.55	n/a	Target	2	60255
602.75	n/a	NonTarget	1	60275
602.95	n/a	NonTarget	1	60295
603.15	n/a	NonTarget	1	60315
603.35	n/a	Target	2	60335
603.55	n/a	NonTarget	1	60355
603.75	n/a	NonTarget	1	60375
603.95	n/a	NonTarget	1	60395
604.15	n/a	NonTarget	1	60415
604.35	n/a	NonTarget	1	60435
604.55	n/a	Target	2	60455
604.75	n/a	NonTarget	1	60475
604.95	n/a	NonTarget	1	60495
605.15	n/a	NonTarget	1	60515
605.35	n/a	Target	2	60535
605.55	n/a	NonTarget	1	60555
605.75	n/a	NonTarget	1	60575
605.95	n/a	NonTarget	1	60595
606.15	n/a	NonTarget	1	60615
606.35	n/a	NonTarget	1	60635
614.17	n/a	NonTarget	1	61417
614.38	n/a	NonTarget	1	61438
614.58	n/a	NonTarget	1	61458
614.78	n/a	NonTarget	1	61478
614.98	n/a	Target	2	61498
615.18	n/a	NonTarget	1	61518
615.38	n/a	NonTarget	1	61538
615.58	n/a	NonTarget	1	61558
615.78	n/a	Target	2	61578
615.98	n/a	NonTarget	1	61598
616.18	n/a	NonTarget	1	61618
616.38	n/a	NonTarget	1	61638
616.58	n/a	NonTarget	1	61658
616.78	n/a	NonTarget	1	61678
616.98	n/a	NonTarget	1	61698
617.18	n/a	NonTarget	1	61718
617.38	n/a	NonTarget	1	61738
617.58	n/a	Target	2	61758
617.78	n/a	NonTarget	1	61778
617.98	n/a	NonTarget	1	61798
618.18	n/a	NonTarget	1	61818
618.38	n/a	Target	2	61838
618.58	n/a	NonTarget	1	61858
618.78	n/a	NonTarget	1	61878
618.98	n/a	NonTarget	1	61898
619.18	n/a	Target	2	61918
619.38	n/a	NonTarget	1	61938
619.58	n/a	NonTarget	1	61958
619.78	n/a	NonTarget	1	61978
619.98	n/a	NonTarget	1	61998
620.18	n/a	NonTarget	1	62018
620.38	n/a	NonTarget	1	62038
620.58	n/a	Target	2	62058
620.78	n/a	NonTarget	1	62078
620.98	n/a	NonTarget	1	62098
621.18	n/a	NonTarget	1	62118
621.38	n/a	NonTarget	1	62138
621.58	n/a	NonTarget	1	62158
621.78	n/a	NonTarget	1	62178
621.98	n/a	NonTarget	1	62198
622.18	n/a	NonTarget	1	62218
622.38	n/a	Target	2	62238
622.58	n/a	NonTarget	1	62258
622.78	n/a	NonTarget	1	62278
622.98	n/a	NonTarget	1	62298
623.18	n/a	Target	2	62318
623.38	n/a	NonTarget	1	62338
623.58	n/a	NonTarget	1	62358
623.78	n/a	NonTarget	1	62378
623.98	n/a	NonTarget	1	62398
624.18	n/a	NonTarget	1	62418
624.38	n/a	NonTarget	1	62438
624.58	n/a	NonTarget	1	62458
624.78	n/a	Target	2	62478
624.98	n/a	NonTarget	1	62498
625.18	n/a	NonTarget	1	62518
625.38	n/a	NonTarget	1	62538
625.58	n/a	Target	2	62558
625.78	n/a	NonTarget	1	62578
625.98	n/a	NonTarget	1	62598
630.43	n/a	NonTarget	1	63043
630.64	n/a	Target	2	63064
630.84	n/a	NonTarget	1	63084
631.04	n/a	NonTarget	1	63104
631.24	n/a	NonTarget	1	63124
631.44	n/a	NonTarget	1	63144
631.64	n/a	NonTarget	1	63164
631.84	n/a	Target	2	63184
632.04	n/a	NonTarget	1	63204
632.24	n/a	NonTarget	1	63224
632.44	n/a	NonTarget	1	63244
632.64	n/a	NonTarget	1	63264
632.84	n/a	NonTarget	1	63284
633.04	n/a	NonTarget	1	63304
633.24	n/a	NonTarget	1	63324
633.44	n/a	NonTarget	1	63344
633.64	n/a	Target	2	63364
633.84	n/a	NonTarget	1	63384
634.04	n/a	NonTarget	1	63404
634.24	n/a	NonTarget	1	63424
634.44	n/a	Target	2	63444
634.64	n/a	NonTarget	1	63464
634.84	n/a	NonTarget	1	63484
635.04	n/a	NonTarget	1	63504
635.24	n/a	NonTarget	1	63524
635.44	n/a	NonTarget	1	63544
635.64	n/a	NonTarget	1	63564
635.84	n/a	NonTarget	1	63584
636.04	n/a	NonTarget	1	63604
636.24	n/a	Target	2	63624
636.44	n/a	NonTarget	1	63644
636.64	n/a	NonTarget	1	63664
636.84	n/a	Target	2	63684
637.04	n/a	NonTarget	1	63704
637.24	n/a	NonTarget	1	63724
637.44	n/a	NonTarget	1	63744
637.64	n/a	NonTarget	1	63764
637.84	n/a	NonTarget	1	63784
638.04	n/a	NonTarget	1	63804
638.24	n/a	NonTarget	1	63824
638.44	n/a	Target	2	63844
638.64	n/a	NonTarget	1	63864
638.84	n/a	NonTarget	1	63884
639.04	n/a	NonTarget	1	63904
639.24	n/a	NonTarget	1	63924
639.44	n/a	NonTarget	1	63944
639.64	n/a	NonTarget	1	63964
639.84	n/a	Target	2	63984
640.04	n/a	NonTarget	1	64004
640.24	n/a	NonTarget	1	64024
640.44	n/a	NonTarget	1	64044
640.64	n/a	NonTarget	1	64064
640.84	n/a	Target	2	64084
641.04	n/a	NonTarget	1	64104
641.24	n/a	NonTarget	1	64124
641.44	n/a	NonTarget	1	64144
641.64	n/a	NonTarget	1	64164
641.84	n/a	NonTarget	1	64184
642.04	n/a	NonTarget	1	64204
642.24	n/a	Target	2	64224
